TimeSinceStart,TrialNo,TrialID,ParticipantID,Layout,Info,CardSeen,CardSelected,CardAnswered,CardPlayed
157.52,1,Training,11,Flat,Prepare,,,
160.1756,1,Training,11,Flat,ShowPattern,,,
160.1978,1,Training,11,Flat,Card,5,,,
160.9756,1,Training,11,Flat,Card,30,,,
161.2645,1,Training,11,Flat,Card,26,,,
161.3978,1,Training,11,Flat,Card,1,,,
162.3756,1,Training,11,Flat,Card,23,,,
165.7089,1,Training,11,Flat,Card,,1,,
166.6422,1,Training,11,Flat,Card,,26,,
170.2089,1,Training,11,Flat,Card,,5,,
171.0311,1,Training,11,Flat,Card,,30,,
172.9422,1,Training,11,Flat,Card,,23,,
175.1311,1,Training,11,Flat,Distractor,,,
175.4311,1,Training,11,Flat,Task: 6,,,
175.6089,1,Training,11,Flat,CardGame,,,,8
175.6089,1,Training,11,Flat,Task: 8,,,
179.6089,1,Training,11,Flat,Task: 3,,,
181.4756,1,Training,11,Flat,CardGame,,,,8
181.4756,1,Training,11,Flat,Task: 7,,,
184.4756,1,Training,11,Flat,CardGame,,,,7
184.4756,1,Training,11,Flat,Task: 5,,,
186.1867,1,Training,11,Flat,CardGame,,,,5
186.1867,1,Training,11,Flat,Task: 3,,,
187.6311,1,Training,11,Flat,CardGame,,,,3
187.6311,1,Training,11,Flat,Task: 4,,,
189.0645,1,Training,11,Flat,CardGame,,,,4
189.0645,1,Training,11,Flat,Task: 2,,,
190.8867,1,Training,11,Flat,CardGame,,,,2
190.8867,1,Training,11,Flat,Task: 6,,,
192.3978,1,Training,11,Flat,CardGame,,,,6
192.3978,1,Training,11,Flat,Task: 8,,,
193.8311,1,Training,11,Flat,CardGame,,,,8
193.8311,1,Training,11,Flat,Task: 3,,,
195.2756,1,Training,11,Flat,CardGame,,,,3
195.2756,1,Training,11,Flat,Task: 8,,,
197.32,1,Training,11,Flat,CardGame,,,,8
197.32,1,Training,11,Flat,Task: 7,,,
198.6867,1,Training,11,Flat,CardGame,,,,7
198.6867,1,Training,11,Flat,Task: 5,,,
200.2978,1,Training,11,Flat,CardGame,,,,5
200.2978,1,Training,11,Flat,Task: 7,,,
202.3756,1,Training,11,Flat,SelectedCards,,,
205.8756,1,Training,11,Flat,Card,,,1,
206.5867,1,Training,11,Flat,Card,,,26,
208.8533,1,Training,11,Flat,Card,,,5,
209.6422,1,Training,11,Flat,Card,,,30,
211.8756,1,Training,11,Flat,Card,,,23,
215.0645,1,Training,11,Flat,Result,,,
234.62,2,Training,11,Full Circle,Prepare,,,
236.0533,2,Training,11,Full Circle,ShowPattern,,,
236.0756,2,Training,11,Full Circle,Card,15,,,
236.9644,2,Training,11,Full Circle,Card,35,,,
237.2756,2,Training,11,Full Circle,Card,25,,,
238.0089,2,Training,11,Full Circle,Card,6,,,
242.5089,2,Training,11,Full Circle,Card,,15,,
246.0867,2,Training,11,Full Circle,Card,,6,,
248.1644,2,Training,11,Full Circle,Card,10,,,
250.4422,2,Training,11,Full Circle,Card,,10,,
251.6756,2,Training,11,Full Circle,Card,,35,,
252.5645,2,Training,11,Full Circle,Card,,25,,
252.5645,2,Training,11,Full Circle,Distractor,,,
252.5645,2,Training,11,Full Circle,Task: 1,,,
252.5756,2,Training,11,Full Circle,CardGame,,,,6
252.5756,2,Training,11,Full Circle,Task: 7,,,
255.6533,2,Training,11,Full Circle,CardGame,,,,7
255.6533,2,Training,11,Full Circle,Task: 4,,,
257.4422,2,Training,11,Full Circle,CardGame,,,,4
257.4422,2,Training,11,Full Circle,Task: 1,,,
259.9089,2,Training,11,Full Circle,CardGame,,,,1
259.9089,2,Training,11,Full Circle,Task: 8,,,
261.9089,2,Training,11,Full Circle,CardGame,,,,8
261.9089,2,Training,11,Full Circle,Task: 8,,,
263.3311,2,Training,11,Full Circle,CardGame,,,,8
263.3311,2,Training,11,Full Circle,Task: 7,,,
264.6534,2,Training,11,Full Circle,CardGame,,,,7
264.6534,2,Training,11,Full Circle,Task: 1,,,
266.6089,2,Training,11,Full Circle,CardGame,,,,1
266.6089,2,Training,11,Full Circle,Task: 7,,,
267.7978,2,Training,11,Full Circle,CardGame,,,,7
267.7978,2,Training,11,Full Circle,Task: 1,,,
269.6978,2,Training,11,Full Circle,CardGame,,,,1
269.6978,2,Training,11,Full Circle,Task: 4,,,
271.5089,2,Training,11,Full Circle,SelectedCards,,,
274.02,2,Training,11,Full Circle,Card,,,15,
276.1645,2,Training,11,Full Circle,Card,,,6,
283.3089,2,Training,11,Full Circle,Card,,,9,
288.1867,2,Training,11,Full Circle,Card,,,22,
290.0756,2,Training,11,Full Circle,Card,,,24,
293.7089,2,Training,11,Full Circle,Result,,,
320.32,3,1,11,Flat,Prepare,,,
323.2422,3,1,11,Flat,ShowPattern,,,
323.7533,3,1,11,Flat,Card,4,,,
323.8978,3,1,11,Flat,Card,14,,,
323.9533,3,1,11,Flat,Card,24,,,
326.8755,3,1,11,Flat,Card,,24,,
328.1978,3,1,11,Flat,Card,,14,,
329.8867,3,1,11,Flat,Card,,4,,
330.1089,3,1,11,Flat,Card,7,,,
331.8533,3,1,11,Flat,Card,21,,,
331.9311,3,1,11,Flat,Card,,7,,
334.4311,3,1,11,Flat,Card,,21,,
338.1978,3,1,11,Flat,Distractor,,,
338.1978,3,1,11,Flat,Task: 1,,,
340.3644,3,1,11,Flat,CardGame,,,,1
340.3644,3,1,11,Flat,Task: 7,,,
342.4978,3,1,11,Flat,CardGame,,,,7
342.4978,3,1,11,Flat,Task: 2,,,
343.5978,3,1,11,Flat,CardGame,,,,2
343.5978,3,1,11,Flat,Task: 5,,,
344.7867,3,1,11,Flat,CardGame,,,,5
344.7867,3,1,11,Flat,Task: 6,,,
347.62,3,1,11,Flat,CardGame,,,,6
347.62,3,1,11,Flat,Task: 1,,,
349.8978,3,1,11,Flat,CardGame,,,,1
349.8978,3,1,11,Flat,Task: 6,,,
352.92,3,1,11,Flat,CardGame,,,,6
352.92,3,1,11,Flat,Task: 8,,,
353.1534,3,1,11,Flat,SelectedCards,,,
357.3978,3,1,11,Flat,Card,,,24,
359.0533,3,1,11,Flat,Card,,,14,
360.5311,3,1,11,Flat,Card,,,4,
362.3311,3,1,11,Flat,Card,,,7,
363.5645,3,1,11,Flat,Card,,,21,
366.4089,3,1,11,Flat,Result,,,
370.1534,4,2,11,Full Circle,Prepare,,,
376.6089,4,2,11,Full Circle,ShowPattern,,,
377.2978,4,2,11,Full Circle,Card,0,,,
379.0978,4,2,11,Full Circle,Card,16,,,
379.6867,4,2,11,Full Circle,Card,,16,,
380.42,4,2,11,Full Circle,Card,6,,,
381.8089,4,2,11,Full Circle,Card,,6,,
382.3422,4,2,11,Full Circle,Card,20,,,
383.5089,4,2,11,Full Circle,Card,,20,,
384.2978,4,2,11,Full Circle,Card,34,,,
385.42,4,2,11,Full Circle,Card,,34,,
388.2978,4,2,11,Full Circle,Card,,0,,
391.5645,4,2,11,Full Circle,Distractor,,,
391.5645,4,2,11,Full Circle,Task: 4,,,
394.1311,4,2,11,Full Circle,CardGame,,,,4
394.1311,4,2,11,Full Circle,Task: 2,,,
396.0978,4,2,11,Full Circle,CardGame,,,,2
396.0978,4,2,11,Full Circle,Task: 2,,,
398.2311,4,2,11,Full Circle,CardGame,,,,2
398.2311,4,2,11,Full Circle,Task: 8,,,
400.8644,4,2,11,Full Circle,CardGame,,,,8
400.8644,4,2,11,Full Circle,Task: 1,,,
402.9756,4,2,11,Full Circle,CardGame,,,,1
402.9756,4,2,11,Full Circle,Task: 2,,,
405.7311,4,2,11,Full Circle,CardGame,,,,2
405.7311,4,2,11,Full Circle,Task: 2,,,
406.52,4,2,11,Full Circle,SelectedCards,,,
408.9978,4,2,11,Full Circle,Card,,,16,
410.3533,4,2,11,Full Circle,Card,,,6,
411.6645,4,2,11,Full Circle,Card,,,20,
413.1422,4,2,11,Full Circle,Card,,,34,
414.4311,4,2,11,Full Circle,Card,,,12,
419.0422,4,2,11,Full Circle,Result,,,
421.1978,5,3,11,Flat,Prepare,,,
423.4422,5,3,11,Flat,ShowPattern,,,
423.6978,5,3,11,Flat,Card,30,,,
424.2756,5,3,11,Flat,Card,2,,,
424.3089,5,3,11,Flat,Card,25,,,
426.9978,5,3,11,Flat,Card,,25,,
427.8089,5,3,11,Flat,Card,,2,,
431.4756,5,3,11,Flat,Card,,30,,
433.7978,5,3,11,Flat,Card,20,,,
434.3533,5,3,11,Flat,Card,,20,,
434.5645,5,3,11,Flat,Card,11,,,
436.3089,5,3,11,Flat,Card,,11,,
438.3978,5,3,11,Flat,Distractor,,,
438.92,5,3,11,Flat,Task: 2,,,
438.9311,5,3,11,Flat,CardGame,,,,3
438.9311,5,3,11,Flat,Task: 7,,,
441.8867,5,3,11,Flat,CardGame,,,,7
441.8867,5,3,11,Flat,Task: 5,,,
445.8978,5,3,11,Flat,Task: 7,,,
446.6311,5,3,11,Flat,CardGame,,,,5
446.6311,5,3,11,Flat,Task: 1,,,
448.2645,5,3,11,Flat,CardGame,,,,1
448.2645,5,3,11,Flat,Task: 7,,,
450.72,5,3,11,Flat,CardGame,,,,7
450.72,5,3,11,Flat,Task: 3,,,
452.1645,5,3,11,Flat,CardGame,,,,3
452.1645,5,3,11,Flat,Task: 2,,,
453.4089,5,3,11,Flat,CardGame,,,,2
453.4089,5,3,11,Flat,Task: 2,,,
455.1089,5,3,11,Flat,CardGame,,,,2
455.1089,5,3,11,Flat,Task: 7,,,
457.4756,5,3,11,Flat,CardGame,,,,7
457.4756,5,3,11,Flat,Task: 8,,,
460.2311,5,3,11,Flat,CardGame,,,,8
460.2311,5,3,11,Flat,Task: 7,,,
461.5645,5,3,11,Flat,CardGame,,,,7
461.5645,5,3,11,Flat,Task: 1,,,
463.0422,5,3,11,Flat,CardGame,,,,1
463.0422,5,3,11,Flat,Task: 3,,,
465.1978,5,3,11,Flat,CardGame,,,,3
465.1978,5,3,11,Flat,Task: 6,,,
465.8644,5,3,11,Flat,SelectedCards,,,
468.9533,5,3,11,Flat,Card,,,25,
469.8867,5,3,11,Flat,Card,,,2,
474.3533,5,3,11,Flat,Card,,,30,
475.7756,5,3,11,Flat,Card,,,20,
477.7534,5,3,11,Flat,Card,,,11,
482.6089,5,3,11,Flat,Result,,,
484.9644,6,4,11,Full Circle,Prepare,,,
486.02,6,4,11,Full Circle,ShowPattern,,,
486.0533,6,4,11,Full Circle,Card,26,,,
486.62,6,4,11,Full Circle,Card,1,,,
486.9533,6,4,11,Full Circle,Card,11,,,
488.5867,6,4,11,Full Circle,Card,16,,,
490.1645,6,4,11,Full Circle,Card,,16,,
493.0311,6,4,11,Full Circle,Card,34,,,
496.02,6,4,11,Full Circle,Card,,26,,
497.2422,6,4,11,Full Circle,Card,,1,,
498.9089,6,4,11,Full Circle,Card,,11,,
499.8311,6,4,11,Full Circle,Card,,34,,
500.9867,6,4,11,Full Circle,Distractor,,,
500.9867,6,4,11,Full Circle,Task: 4,,,
504.9867,6,4,11,Full Circle,Task: 5,,,
504.9978,6,4,11,Full Circle,CardGame,,,,5
504.9978,6,4,11,Full Circle,Task: 5,,,
507.6311,6,4,11,Full Circle,CardGame,,,,5
507.6311,6,4,11,Full Circle,Task: 4,,,
509.3978,6,4,11,Full Circle,CardGame,,,,4
509.3978,6,4,11,Full Circle,Task: 5,,,
510.92,6,4,11,Full Circle,CardGame,,,,5
510.92,6,4,11,Full Circle,Task: 2,,,
512.8089,6,4,11,Full Circle,CardGame,,,,2
512.8089,6,4,11,Full Circle,Task: 7,,,
514.6311,6,4,11,Full Circle,CardGame,,,,7
514.6311,6,4,11,Full Circle,Task: 3,,,
516.9756,6,4,11,Full Circle,CardGame,,,,3
516.9756,6,4,11,Full Circle,Task: 5,,,
518.62,6,4,11,Full Circle,CardGame,,,,5
518.62,6,4,11,Full Circle,Task: 2,,,
519.9312,6,4,11,Full Circle,SelectedCards,,,
523.3978,6,4,11,Full Circle,Card,,,16,
524.6089,6,4,11,Full Circle,Card,,,26,
525.72,6,4,11,Full Circle,Card,,,1,
529.0311,6,4,11,Full Circle,Card,,,11,
530.1089,6,4,11,Full Circle,Card,,,34,
532.72,6,4,11,Full Circle,Result,,,
534.9089,7,5,11,Flat,Prepare,,,
535.9423,7,5,11,Flat,ShowPattern,,,
535.9645,7,5,11,Flat,Card,17,,,
536.5645,7,5,11,Flat,Card,27,,,
536.6422,7,5,11,Flat,Card,25,,,
539.5645,7,5,11,Flat,Card,,25,,
540.5756,7,5,11,Flat,Card,,27,,
541.1867,7,5,11,Flat,Card,7,,,
542.4423,7,5,11,Flat,Card,11,,,
542.5867,7,5,11,Flat,Card,,17,,
544.1089,7,5,11,Flat,Card,,7,,
545.9867,7,5,11,Flat,Card,,11,,
550.8978,7,5,11,Flat,Distractor,,,
550.8978,7,5,11,Flat,Task: 5,,,
552.3644,7,5,11,Flat,CardGame,,,,5
552.3644,7,5,11,Flat,Task: 8,,,
554.3978,7,5,11,Flat,CardGame,,,,8
554.3978,7,5,11,Flat,Task: 8,,,
556.4645,7,5,11,Flat,CardGame,,,,8
556.4645,7,5,11,Flat,Task: 8,,,
558.72,7,5,11,Flat,CardGame,,,,8
558.72,7,5,11,Flat,Task: 7,,,
561.0311,7,5,11,Flat,CardGame,,,,7
561.0311,7,5,11,Flat,Task: 8,,,
564.5089,7,5,11,Flat,CardGame,,,,8
564.5089,7,5,11,Flat,Task: 8,,,
565.8422,7,5,11,Flat,SelectedCards,,,
569.2534,7,5,11,Flat,Card,,,25,
570.3089,7,5,11,Flat,Card,,,27,
571.7534,7,5,11,Flat,Card,,,17,
572.9312,7,5,11,Flat,Card,,,7,
574.8422,7,5,11,Flat,Card,,,11,
578.1533,7,5,11,Flat,Result,,,
581.0645,8,6,11,Full Circle,Prepare,,,
582.0978,8,6,11,Full Circle,ShowPattern,,,
582.6311,8,6,11,Full Circle,Card,26,,,
582.8089,8,6,11,Full Circle,Card,1,,,
583.12,8,6,11,Full Circle,Card,23,,,
583.92,8,6,11,Full Circle,Card,28,,,
585.2867,8,6,11,Full Circle,Card,,28,,
588.2089,8,6,11,Full Circle,Card,,26,,
589.7867,8,6,11,Full Circle,Card,,1,,
592.6756,8,6,11,Full Circle,Card,,23,,
593.0978,8,6,11,Full Circle,Card,21,,,
593.32,8,6,11,Full Circle,Card,,21,,
597.0645,8,6,11,Full Circle,Distractor,,,
597.0645,8,6,11,Full Circle,Task: 6,,,
600.6089,8,6,11,Full Circle,CardGame,,,,6
600.6089,8,6,11,Full Circle,Task: 7,,,
602.1867,8,6,11,Full Circle,CardGame,,,,7
602.1867,8,6,11,Full Circle,Task: 2,,,
603.7534,8,6,11,Full Circle,CardGame,,,,2
603.7534,8,6,11,Full Circle,Task: 2,,,
606.0422,8,6,11,Full Circle,CardGame,,,,2
606.0422,8,6,11,Full Circle,Task: 8,,,
610.02,8,6,11,Full Circle,CardGame,,,,8
610.02,8,6,11,Full Circle,Task: 8,,,
612.0089,8,6,11,Full Circle,SelectedCards,,,
614.5645,8,6,11,Full Circle,Card,,,28,
616.4534,8,6,11,Full Circle,Card,,,26,
617.62,8,6,11,Full Circle,Card,,,1,
619.4423,8,6,11,Full Circle,Card,,,23,
620.4089,8,6,11,Full Circle,Card,,,21,
622.2756,8,6,11,Full Circle,Result,,,
995.22,9,7,11,Flat,Prepare,,,
998.1089,9,7,11,Flat,ShowPattern,,,
998.1312,9,7,11,Flat,Card,29,,,
998.8089,9,7,11,Flat,Card,14,,,
998.8644,9,7,11,Flat,Card,0,,,
1001.853,9,7,11,Flat,Card,,0,,
1002.687,9,7,11,Flat,Card,,14,,
1003.042,9,7,11,Flat,Card,31,,,
1005.909,9,7,11,Flat,Card,,29,,
1006.887,9,7,11,Flat,Card,22,,,
1007.409,9,7,11,Flat,Card,,31,,
1009.264,9,7,11,Flat,Card,,22,,
1013.076,9,7,11,Flat,Distractor,,,
1013.076,9,7,11,Flat,Task: 6,,,
1015.987,9,7,11,Flat,CardGame,,,,6
1015.987,9,7,11,Flat,Task: 6,,,
1018.387,9,7,11,Flat,CardGame,,,,6
1018.387,9,7,11,Flat,Task: 5,,,
1020.153,9,7,11,Flat,CardGame,,,,5
1020.153,9,7,11,Flat,Task: 4,,,
1023.12,9,7,11,Flat,CardGame,,,,4
1023.12,9,7,11,Flat,Task: 4,,,
1024.853,9,7,11,Flat,CardGame,,,,4
1024.853,9,7,11,Flat,Task: 6,,,
1028.02,9,7,11,Flat,SelectedCards,,,
1032.642,9,7,11,Flat,Card,,,24,
1036.32,9,7,11,Flat,Card,,,26,
1039.176,9,7,11,Flat,Card,,,17,
1041.576,9,7,11,Flat,Card,,,7,
1044.053,9,7,11,Flat,Card,,,22,
1047.887,9,7,11,Flat,Result,,,
1052.553,10,8,11,Full Circle,Prepare,,,
1056.642,10,8,11,Full Circle,ShowPattern,,,
1056.664,10,8,11,Full Circle,Card,14,,,
1057.187,10,8,11,Full Circle,Card,0,,,
1059.553,10,8,11,Full Circle,Card,,14,,
1061.22,10,8,11,Full Circle,Card,,0,,
1061.564,10,8,11,Full Circle,Card,34,,,
1061.776,10,8,11,Full Circle,Card,9,,,
1064.32,10,8,11,Full Circle,Card,,34,,
1065.298,10,8,11,Full Circle,Card,,9,,
1065.987,10,8,11,Full Circle,Card,29,,,
1070.553,10,8,11,Full Circle,Card,,29,,
1071.598,10,8,11,Full Circle,Distractor,,,
1071.598,10,8,11,Full Circle,Task: 3,,,
1075.598,10,8,11,Full Circle,Task: 3,,,
1077.953,10,8,11,Full Circle,CardGame,,,,3
1077.953,10,8,11,Full Circle,Task: 6,,,
1080.331,10,8,11,Full Circle,CardGame,,,,6
1080.331,10,8,11,Full Circle,Task: 1,,,
1082.476,10,8,11,Full Circle,CardGame,,,,1
1082.476,10,8,11,Full Circle,Task: 7,,,
1084.931,10,8,11,Full Circle,CardGame,,,,7
1084.931,10,8,11,Full Circle,Task: 3,,,
1087.576,10,8,11,Full Circle,CardGame,,,,3
1087.576,10,8,11,Full Circle,Task: 1,,,
1089.042,10,8,11,Full Circle,CardGame,,,,1
1089.042,10,8,11,Full Circle,Task: 7,,,
1090.553,10,8,11,Full Circle,SelectedCards,,,
1092.82,10,8,11,Full Circle,Card,,,29,
1095.22,10,8,11,Full Circle,Card,,,26,
1096.031,10,8,11,Full Circle,Card,,,1,
1097.62,10,8,11,Full Circle,Card,,,35,
1098.365,10,8,11,Full Circle,Card,,,21,
1100.042,10,8,11,Full Circle,Result,,,
1102.776,11,9,11,Flat,Prepare,,,
1104.487,11,9,11,Flat,ShowPattern,,,
1104.509,11,9,11,Flat,Card,6,,,
1105.176,11,9,11,Flat,Card,26,,,
1105.198,11,9,11,Flat,Card,1,,,
1107.953,11,9,11,Flat,Card,,1,,
1109.042,11,9,11,Flat,Card,,26,,
1111.742,11,9,11,Flat,Card,21,,,
1111.787,11,9,11,Flat,Card,35,,,
1115.953,11,9,11,Flat,Card,,6,,
1117.787,11,9,11,Flat,Card,,21,,
1118.676,11,9,11,Flat,Card,,35,,
1119.442,11,9,11,Flat,Distractor,,,
1121.287,11,9,11,Flat,Task: 5,,,
1123.887,11,9,11,Flat,CardGame,,,,5
1123.887,11,9,11,Flat,Task: 1,,,
1126.02,11,9,11,Flat,CardGame,,,,1
1126.02,11,9,11,Flat,Task: 8,,,
1128.053,11,9,11,Flat,CardGame,,,,8
1128.053,11,9,11,Flat,Task: 2,,,
1129.164,11,9,11,Flat,CardGame,,,,2
1129.164,11,9,11,Flat,Task: 2,,,
1131.509,11,9,11,Flat,CardGame,,,,2
1131.509,11,9,11,Flat,Task: 4,,,
1133.82,11,9,11,Flat,CardGame,,,,4
1133.82,11,9,11,Flat,Task: 1,,,
1135.076,11,9,11,Flat,CardGame,,,,1
1135.076,11,9,11,Flat,Task: 2,,,
1136.242,11,9,11,Flat,SelectedCards,,,
1139.576,11,9,11,Flat,Card,,,1,
1140.353,11,9,11,Flat,Card,,,26,
1145.365,11,9,11,Flat,Card,,,6,
1147.153,11,9,11,Flat,Card,,,21,
1148.209,11,9,11,Flat,Card,,,34,
1151.087,11,9,11,Flat,Result,,,
1153.187,12,10,11,Full Circle,Prepare,,,
1154.387,12,10,11,Full Circle,ShowPattern,,,
1154.776,12,10,11,Full Circle,Card,13,,,
1155.687,12,10,11,Full Circle,Card,4,,,
1158.342,12,10,11,Full Circle,Card,,4,,
1160.064,12,10,11,Full Circle,Card,6,,,
1160.898,12,10,11,Full Circle,Card,,6,,
1162.32,12,10,11,Full Circle,Card,21,,,
1163.131,12,10,11,Full Circle,Card,,21,,
1163.942,12,10,11,Full Circle,Card,35,,,
1165.276,12,10,11,Full Circle,Card,,35,,
1167.987,12,10,11,Full Circle,Card,,13,,
1169.342,12,10,11,Full Circle,Distractor,,,
1169.342,12,10,11,Full Circle,Task: 6,,,
1172.142,12,10,11,Full Circle,CardGame,,,,6
1172.142,12,10,11,Full Circle,Task: 5,,,
1175.676,12,10,11,Full Circle,CardGame,,,,5
1175.676,12,10,11,Full Circle,Task: 3,,,
1177.131,12,10,11,Full Circle,CardGame,,,,3
1177.131,12,10,11,Full Circle,Task: 4,,,
1178.931,12,10,11,Full Circle,CardGame,,,,4
1178.931,12,10,11,Full Circle,Task: 5,,,
1181.287,12,10,11,Full Circle,CardGame,,,,5
1181.287,12,10,11,Full Circle,Task: 6,,,
1182.709,12,10,11,Full Circle,CardGame,,,,6
1182.709,12,10,11,Full Circle,Task: 2,,,
1184.053,12,10,11,Full Circle,CardGame,,,,2
1184.053,12,10,11,Full Circle,Task: 1,,,
1184.298,12,10,11,Full Circle,SelectedCards,,,
1186.642,12,10,11,Full Circle,Card,,,4,
1188.087,12,10,11,Full Circle,Card,,,6,
1190.12,12,10,11,Full Circle,Card,,,21,
1191.431,12,10,11,Full Circle,Card,,,35,
1192.765,12,10,11,Full Circle,Card,,,13,
1194.242,12,10,11,Full Circle,Result,,,
1195.365,13,11,11,Flat,Prepare,,,
1200.72,13,11,11,Flat,ShowPattern,,,
1201.787,13,11,11,Flat,Card,14,,,
1201.82,13,11,11,Flat,Card,12,,,
1204.409,13,11,11,Flat,Card,,12,,
1205.076,13,11,11,Flat,Card,,14,,
1205.887,13,11,11,Flat,Card,7,,,
1207.898,13,11,11,Flat,Card,9,,,
1208.076,13,11,11,Flat,Card,34,,,
1209.298,13,11,11,Flat,Card,,7,,
1210.753,13,11,11,Flat,Card,,9,,
1212.431,13,11,11,Flat,Card,,34,,
1215.687,13,11,11,Flat,Distractor,,,
1215.687,13,11,11,Flat,Task: 3,,,
1218.753,13,11,11,Flat,CardGame,,,,3
1218.753,13,11,11,Flat,Task: 2,,,
1221.42,13,11,11,Flat,CardGame,,,,2
1221.42,13,11,11,Flat,Task: 5,,,
1223.92,13,11,11,Flat,CardGame,,,,5
1223.92,13,11,11,Flat,Task: 5,,,
1226.164,13,11,11,Flat,CardGame,,,,5
1226.164,13,11,11,Flat,Task: 2,,,
1228.187,13,11,11,Flat,CardGame,,,,2
1228.187,13,11,11,Flat,Task: 8,,,
1229.765,13,11,11,Flat,CardGame,,,,8
1229.765,13,11,11,Flat,Task: 1,,,
1230.631,13,11,11,Flat,SelectedCards,,,
1239.587,13,11,11,Flat,Card,,,24,
1240.265,13,11,11,Flat,Card,,,26,
1245.131,13,11,11,Flat,Card,,,7,
1245.92,13,11,11,Flat,Card,,,9,
1249.42,13,11,11,Flat,Card,,,34,
1251.553,13,11,11,Flat,Result,,,
1253.964,14,12,11,Full Circle,Prepare,,,
1261.476,14,12,11,Full Circle,ShowPattern,,,
1262.353,14,12,11,Full Circle,Card,24,,,
1264.52,14,12,11,Full Circle,Card,10,,,
1265.898,14,12,11,Full Circle,Card,28,,,
1266.898,14,12,11,Full Circle,Card,,28,,
1268.109,14,12,11,Full Circle,Card,18,,,
1268.787,14,12,11,Full Circle,Card,,18,,
1269.576,14,12,11,Full Circle,Card,8,,,
1270.753,14,12,11,Full Circle,Card,,8,,
1272.464,14,12,11,Full Circle,Card,,10,,
1274.087,14,12,11,Full Circle,Card,,24,,
1276.431,14,12,11,Full Circle,Distractor,,,
1276.431,14,12,11,Full Circle,Task: 6,,,
1280.431,14,12,11,Full Circle,Task: 4,,,
1281.865,14,12,11,Full Circle,CardGame,,,,4
1281.865,14,12,11,Full Circle,Task: 8,,,
1283.431,14,12,11,Full Circle,CardGame,,,,8
1283.431,14,12,11,Full Circle,Task: 7,,,
1285.009,14,12,11,Full Circle,CardGame,,,,7
1285.009,14,12,11,Full Circle,Task: 1,,,
1286.242,14,12,11,Full Circle,CardGame,,,,1
1286.242,14,12,11,Full Circle,Task: 1,,,
1288.442,14,12,11,Full Circle,CardGame,,,,1
1288.442,14,12,11,Full Circle,Task: 3,,,
1290.942,14,12,11,Full Circle,CardGame,,,,3
1290.942,14,12,11,Full Circle,Task: 6,,,
1293.231,14,12,11,Full Circle,CardGame,,,,6
1293.231,14,12,11,Full Circle,Task: 4,,,
1295.376,14,12,11,Full Circle,SelectedCards,,,
1297.809,14,12,11,Full Circle,Card,,,28,
1298.987,14,12,11,Full Circle,Card,,,18,
1300.009,14,12,11,Full Circle,Card,,,8,
1301.542,14,12,11,Full Circle,Card,,,10,
1303.587,14,12,11,Full Circle,Card,,,24,
1305.631,14,12,11,Full Circle,Result,,,
1314.02,15,13,11,Flat,Prepare,,,
1314.998,15,13,11,Flat,ShowPattern,,,
1315.653,15,13,11,Flat,Card,1,,,
1315.698,15,13,11,Flat,Card,24,,,
1318.576,15,13,11,Flat,Card,,24,,
1319.22,15,13,11,Flat,Card,,1,,
1322.387,15,13,11,Flat,Card,19,,,
1324.42,15,13,11,Flat,Card,,19,,
1326.064,15,13,11,Flat,Card,9,,,
1326.142,15,13,11,Flat,Card,34,,,
1327.72,15,13,11,Flat,Card,,9,,
1329.687,15,13,11,Flat,Card,,34,,
1329.964,15,13,11,Flat,Distractor,,,
1331.887,15,13,11,Flat,Task: 2,,,
1335.887,15,13,11,Flat,Task: 8,,,
1336.031,15,13,11,Flat,CardGame,,,,5
1336.031,15,13,11,Flat,Task: 4,,,
1339.464,15,13,11,Flat,CardGame,,,,4
1339.464,15,13,11,Flat,Task: 7,,,
1341.564,15,13,11,Flat,CardGame,,,,7
1341.564,15,13,11,Flat,Task: 4,,,
1343.265,15,13,11,Flat,CardGame,,,,4
1343.265,15,13,11,Flat,Task: 2,,,
1345.553,15,13,11,Flat,CardGame,,,,2
1345.553,15,13,11,Flat,Task: 4,,,
1348.009,15,13,11,Flat,CardGame,,,,4
1348.009,15,13,11,Flat,Task: 2,,,
1349.82,15,13,11,Flat,CardGame,,,,2
1349.82,15,13,11,Flat,Task: 8,,,
1351.865,15,13,11,Flat,CardGame,,,,8
1351.865,15,13,11,Flat,Task: 2,,,
1353.531,15,13,11,Flat,CardGame,,,,2
1353.531,15,13,11,Flat,Task: 8,,,
1354.831,15,13,11,Flat,SelectedCards,,,
1358.098,15,13,11,Flat,Card,,,24,
1358.787,15,13,11,Flat,Card,,,1,
1365.82,15,13,11,Flat,Card,,,19,
1366.998,15,13,11,Flat,Card,,,9,
1368.053,15,13,11,Flat,Card,,,34,
1369.831,15,13,11,Flat,Result,,,
1371.653,16,14,11,Full Circle,Prepare,,,
1375.798,16,14,11,Full Circle,ShowPattern,,,
1375.82,16,14,11,Full Circle,Card,15,,,
1378.265,16,14,11,Full Circle,Card,,15,,
1378.976,16,14,11,Full Circle,Card,5,,,
1379.587,16,14,11,Full Circle,Card,,5,,
1383.72,16,14,11,Full Circle,Card,33,,,
1384.276,16,14,11,Full Circle,Card,10,,,
1385.62,16,14,11,Full Circle,Card,,33,,
1386.542,16,14,11,Full Circle,Card,,10,,
1387.187,16,14,11,Full Circle,Card,24,,,
1388.453,16,14,11,Full Circle,Card,,24,,
1390.753,16,14,11,Full Circle,Distractor,,,
1390.753,16,14,11,Full Circle,Task: 7,,,
1393.387,16,14,11,Full Circle,CardGame,,,,7
1393.387,16,14,11,Full Circle,Task: 8,,,
1395.998,16,14,11,Full Circle,CardGame,,,,8
1395.998,16,14,11,Full Circle,Task: 6,,,
1400.009,16,14,11,Full Circle,Task: 8,,,
1400.287,16,14,11,Full Circle,CardGame,,,,8
1400.287,16,14,11,Full Circle,Task: 2,,,
1402.287,16,14,11,Full Circle,CardGame,,,,2
1402.287,16,14,11,Full Circle,Task: 2,,,
1404.709,16,14,11,Full Circle,CardGame,,,,2
1404.709,16,14,11,Full Circle,Task: 4,,,
1407.02,16,14,11,Full Circle,CardGame,,,,4
1407.02,16,14,11,Full Circle,Task: 8,,,
1409.698,16,14,11,Full Circle,SelectedCards,,,
1411.776,16,14,11,Full Circle,Card,,,27,
1414.387,16,14,11,Full Circle,Card,,,17,
1417.82,16,14,11,Full Circle,Card,,,33,
1419.353,16,14,11,Full Circle,Card,,,10,
1420.953,16,14,11,Full Circle,Card,,,24,
1422.453,16,14,11,Full Circle,Result,,,
1423.053,17,15,11,Flat,Prepare,,,
1423.865,17,15,11,Flat,ShowPattern,,,
1424.631,17,15,11,Flat,Card,15,,,
1424.698,17,15,11,Flat,Card,1,,,
1427.831,17,15,11,Flat,Card,,1,,
1428.809,17,15,11,Flat,Card,29,,,
1428.898,17,15,11,Flat,Card,,15,,
1429.642,17,15,11,Flat,Card,19,,,
1430.087,17,15,11,Flat,Card,35,,,
1430.265,17,15,11,Flat,Card,,29,,
1431.742,17,15,11,Flat,Card,,19,,
1433.676,17,15,11,Flat,Card,,35,,
1438.82,17,15,11,Flat,Distractor,,,
1439.498,17,15,11,Flat,Task: 8,,,
1442.164,17,15,11,Flat,CardGame,,,,8
1442.164,17,15,11,Flat,Task: 3,,,
1443.42,17,15,11,Flat,CardGame,,,,3
1443.42,17,15,11,Flat,Task: 3,,,
1444.953,17,15,11,Flat,CardGame,,,,3
1444.953,17,15,11,Flat,Task: 7,,,
1446.676,17,15,11,Flat,CardGame,,,,7
1446.676,17,15,11,Flat,Task: 1,,,
1448.953,17,15,11,Flat,CardGame,,,,1
1448.953,17,15,11,Flat,Task: 8,,,
1451.464,17,15,11,Flat,CardGame,,,,8
1451.464,17,15,11,Flat,Task: 7,,,
1454.453,17,15,11,Flat,SelectedCards,,,
1457.831,17,15,11,Flat,Card,,,1,
1458.876,17,15,11,Flat,Card,,,15,
1460.087,17,15,11,Flat,Card,,,29,
1461.442,17,15,11,Flat,Card,,,19,
1463.831,17,15,11,Flat,Card,,,35,
1465.831,17,15,11,Flat,Result,,,
1467.131,18,16,11,Full Circle,Prepare,,,
1468.798,18,16,11,Full Circle,ShowPattern,,,
1468.82,18,16,11,Full Circle,Card,14,,,
1470.087,18,16,11,Full Circle,Card,28,,,
1472.853,18,16,11,Full Circle,Card,,28,,
1474.798,18,16,11,Full Circle,Card,31,,,
1477.287,18,16,11,Full Circle,Card,,31,,
1481.131,18,16,11,Full Circle,Card,,14,,
1481.253,18,16,11,Full Circle,Card,11,,,
1482.798,18,16,11,Full Circle,Card,,11,,
1483.02,18,16,11,Full Circle,Card,21,,,
1483.62,18,16,11,Full Circle,Card,,21,,
1483.753,18,16,11,Full Circle,Distractor,,,
1483.753,18,16,11,Full Circle,Task: 3,,,
1487.187,18,16,11,Full Circle,CardGame,,,,3
1487.187,18,16,11,Full Circle,Task: 4,,,
1488.265,18,16,11,Full Circle,CardGame,,,,4
1488.265,18,16,11,Full Circle,Task: 6,,,
1489.176,18,16,11,Full Circle,CardGame,,,,6
1489.176,18,16,11,Full Circle,Task: 3,,,
1490.865,18,16,11,Full Circle,CardGame,,,,3
1490.865,18,16,11,Full Circle,Task: 2,,,
1493.431,18,16,11,Full Circle,CardGame,,,,2
1493.431,18,16,11,Full Circle,Task: 7,,,
1495.831,18,16,11,Full Circle,CardGame,,,,7
1495.831,18,16,11,Full Circle,Task: 2,,,
1497.865,18,16,11,Full Circle,CardGame,,,,2
1497.865,18,16,11,Full Circle,Task: 1,,,
1498.698,18,16,11,Full Circle,SelectedCards,,,
1500.976,18,16,11,Full Circle,Card,,,28,
1502.453,18,16,11,Full Circle,Card,,,31,
1504.209,18,16,11,Full Circle,Card,,,14,
1504.887,18,16,11,Full Circle,Card,,,0,
1509.242,18,16,11,Full Circle,Card,,,21,
1511.131,18,16,11,Full Circle,Result,,,
1513.265,19,17,11,Flat,Prepare,,,
1514.409,19,17,11,Flat,ShowPattern,,,
1515.076,19,17,11,Flat,Card,25,,,
1515.087,19,17,11,Flat,Card,0,,,
1518.153,19,17,11,Flat,Card,,0,,
1518.931,19,17,11,Flat,Card,,25,,
1520.542,19,17,11,Flat,Card,29,,,
1522.076,19,17,11,Flat,Card,,29,,
1523.02,19,17,11,Flat,Card,20,,,
1525.265,19,17,11,Flat,Card,10,,,
1525.52,19,17,11,Flat,Card,,20,,
1526.931,19,17,11,Flat,Card,,10,,
1529.376,19,17,11,Flat,Distractor,,,
1529.376,19,17,11,Flat,Task: 6,,,
1532.509,19,17,11,Flat,CardGame,,,,6
1532.509,19,17,11,Flat,Task: 2,,,
1534.531,19,17,11,Flat,CardGame,,,,2
1534.531,19,17,11,Flat,Task: 8,,,
1536.387,19,17,11,Flat,CardGame,,,,8
1536.387,19,17,11,Flat,Task: 3,,,
1539.076,19,17,11,Flat,CardGame,,,,3
1539.076,19,17,11,Flat,Task: 5,,,
1541.064,19,17,11,Flat,CardGame,,,,5
1541.064,19,17,11,Flat,Task: 5,,,
1543.053,19,17,11,Flat,CardGame,,,,5
1543.053,19,17,11,Flat,Task: 8,,,
1544.32,19,17,11,Flat,SelectedCards,,,
1547.52,19,17,11,Flat,Card,,,0,
1548.32,19,17,11,Flat,Card,,,25,
1551.131,19,17,11,Flat,Card,,,29,
1552.909,19,17,11,Flat,Card,,,20,
1554.52,19,17,11,Flat,Card,,,10,
1556.531,19,17,11,Flat,Result,,,
1558.053,20,18,11,Full Circle,Prepare,,,
1563.509,20,18,11,Full Circle,ShowPattern,,,
1565.02,20,18,11,Full Circle,Card,12,,,
1568.276,20,18,11,Full Circle,Card,,12,,
1568.598,20,18,11,Full Circle,Card,34,,,
1569.853,20,18,11,Full Circle,Card,,34,,
1570.176,20,18,11,Full Circle,Card,9,,,
1571.431,20,18,11,Full Circle,Card,,9,,
1572.531,20,18,11,Full Circle,Card,30,,,
1572.876,20,18,11,Full Circle,Card,5,,,
1573.709,20,18,11,Full Circle,Card,,30,,
1574.531,20,18,11,Full Circle,Card,,5,,
1578.476,20,18,11,Full Circle,Distractor,,,
1578.476,20,18,11,Full Circle,Task: 3,,,
1582.476,20,18,11,Full Circle,Task: 6,,,
1582.998,20,18,11,Full Circle,CardGame,,,,1
1582.998,20,18,11,Full Circle,Task: 4,,,
1584.842,20,18,11,Full Circle,CardGame,,,,4
1584.842,20,18,11,Full Circle,Task: 6,,,
1585.931,20,18,11,Full Circle,CardGame,,,,6
1585.931,20,18,11,Full Circle,Task: 1,,,
1587.387,20,18,11,Full Circle,CardGame,,,,1
1587.387,20,18,11,Full Circle,Task: 1,,,
1589.976,20,18,11,Full Circle,CardGame,,,,1
1589.976,20,18,11,Full Circle,Task: 8,,,
1591.953,20,18,11,Full Circle,CardGame,,,,8
1591.953,20,18,11,Full Circle,Task: 5,,,
1593.887,20,18,11,Full Circle,CardGame,,,,5
1593.887,20,18,11,Full Circle,Task: 5,,,
1597.265,20,18,11,Full Circle,CardGame,,,,5
1597.265,20,18,11,Full Circle,Task: 8,,,
1598.82,20,18,11,Full Circle,CardGame,,,,8
1598.82,20,18,11,Full Circle,Task: 5,,,
1601.42,20,18,11,Full Circle,SelectedCards,,,
1613.598,20,18,11,Full Circle,Card,,,24,
1615.664,20,18,11,Full Circle,Card,,,22,
1617.053,20,18,11,Full Circle,Card,,,9,
1619.087,20,18,11,Full Circle,Card,,,31,
1619.731,20,18,11,Full Circle,Card,,,29,
1621.176,20,18,11,Full Circle,Result,,,
